workbook	sheet	primary_key	column	type	description_zh	unit	constraint	editable
hyperspace_config.xlsx	基础参数	key	key	string	现有或本次明确规划的配置键	稳定ID	仅已有实现/已验ID；不自动新增功能；非空；主键作用域唯一；固定结构身份列，必须与基线等值，不能只改物理行冒充结构变化	False
hyperspace_config.xlsx	基础参数	key	data_type	enum	本键固定数据类型，不随单元格显示格式改变	类型标签	int/float/bool/string/null；必须符合键契约；锁定	False
hyperspace_config.xlsx	基础参数	key	value	typed_literal	按本键固定类型读入的单一字面值	见unit列	拒绝公式；不得把数字放进文本；null键用空值且类型为null；有限值；每键专属范围见KEY_CONTRACT	True
hyperspace_config.xlsx	基础参数	key	unit	string	值的中文单位与比例口径	说明	必填；只作说明，不改变数值计算	False
hyperspace_config.xlsx	基础参数	key	description	string	中文用途/联动说明	说明	必填；不参与JSON业务值	False
hyperspace_config.xlsx	基础参数	key	constraint	string	固定范围/外键/不可编辑理由	说明	必填；以代码契约执行，不能编辑此文案绕过校验	False
hyperspace_config.xlsx	基础参数	key	editable	bool	该键是否真实允许调整；不是功能开关	权限标签	锁定并匹配契约；false拒绝改离基线	False
hyperspace_config.xlsx	路线	route_id	order	int	固定输出/随机选择顺序；物理行排序不改变它	0起序号	按作用域唯一且连续；与冻结基线同ID同序号；锁定；导出必须按它排序	False
hyperspace_config.xlsx	路线	route_id	route_id	string	现有alpha/beta/gamma/delta路线	稳定ID	仅已有实现/已验ID；不自动新增功能；非空；主键作用域唯一；固定结构身份列，必须与基线等值，不能只改物理行冒充结构变化	False
hyperspace_config.xlsx	路线	route_id	weapon	string	路线武器结构绑定；四个既有ID唯一覆盖	已有ID引用	必须存在于现有装备/敌武器注册表；保持当前引用，变更需跨表校验	False
hyperspace_config.xlsx	路线	route_id	material	string	现有专属材料结构ID；与改造成本及存档一致	稳定ID	仅已有实现/已验ID；不自动新增功能；非空；主键作用域唯一	False
hyperspace_config.xlsx	品质	quality	order	int	固定输出/随机选择顺序；物理行排序不改变它	0起序号	按作用域唯一且连续；与冻结基线同ID同序号；锁定；导出必须按它排序	False
hyperspace_config.xlsx	品质	quality	quality	string	来源品质或独占核心抽签结果	稳定ID	white/blue/gold/legendary/ultimate_core固定集合；核心行的非weight列必须空；固定结构身份列，必须与基线等值，不能只改物理行冒充结构变化	False
hyperspace_config.xlsx	品质	quality	weight	float	相对抽签权重，概率=本权重/所有结果总和；默认总和1.09。不是0.5独立50%。调大提高该结果相对出现率。	相对权重	非负；合计>0；默认合计1.09，不能当互斥绝对概率	True
hyperspace_config.xlsx	品质	quality	affix_limit	int_or_blank	词缀槽上限，受品质硬上限0/2/3/3；调大可生成/添加更多，不自动补已有机。	槽	非负；不超过既有0/2/3/3硬上限；仅ultimate_core行必须空，导出时不新增对应品质字段	True
hyperspace_config.xlsx	品质	quality	hanging_limit	int_or_blank	挂设槽上限，硬上限4/2/1/0；传说化保留原挂设，不能用传说0误解成清空。	槽	非负；不超过既有4/2/1/0硬上限；仅ultimate_core行必须空，导出时不新增对应品质字段	True
hyperspace_config.xlsx	品质	quality	weapon_level_bonus	int_or_blank	非究极武器有效等级增量，蓝来源优先，蓝转传说继续用蓝值；究极覆盖，不叠加。	武器有效等级增量	非负；蓝来源继承规则不改；仅ultimate_core行必须空，导出时不新增对应品质字段	True
hyperspace_config.xlsx	品质	quality	dismantle_amount	int_or_blank	一次拆解的专属材料份数及随机模块份数共用此值。首份模块解锁，重复增加经验；须与自动筛除奖励验证上限联动。	份/次	正整数；现行为同一个数，不拆成两个可独立调参来源；奖励校验上界联动；仅ultimate_core行必须空，导出时不新增对应品质字段	True
hyperspace_config.xlsx	舰型容量	hull_id	order	int	固定输出/随机选择顺序；物理行排序不改变它	0起序号	按作用域唯一且连续；与冻结基线同ID同序号；锁定；导出必须按它排序	False
hyperspace_config.xlsx	舰型容量	hull_id	hull_id	string	现有舰型ID	已有ID引用	必须存在于ship.xlsx；保持当前引用，变更需跨表校验；固定结构身份列，必须与基线等值，不能只改物理行冒充结构变化	False
hyperspace_config.xlsx	舰型容量	hull_id	capacity	int	该舰型无人机装备容量；调大可同时生效更多机，调小更少；仍受全局上限约束	架	1..5，且满足全局maximum_equipped	True
hyperspace_config.xlsx	阶级权重	tier	order	int	固定输出/随机选择顺序；物理行排序不改变它	0起序号	按作用域唯一且连续；与冻结基线同ID同序号；锁定；导出必须按它排序	False
hyperspace_config.xlsx	阶级权重	tier	tier	int	现有词缀阶级，1为最高	阶	1..5完整唯一；固定结构身份列，必须与基线等值，不能只改物理行冒充结构变化	False
hyperspace_config.xlsx	阶级权重	tier	draw_weight	float	生成及升阶成功判定相对权重；1阶最强。抽到更强阶即成功，但仅提升1阶，不跳阶。	相对权重	>0；保留默认1/5/15/45/135及order	True
hyperspace_config.xlsx	阶级权重	tier	modernization_weight	float	此阶每条普通词缀的现代化费用附加系数，与初始系数相加；调大该阶词缀越多报价越贵，不影响生成概率。	无量纲	非负；保留默认10/5/3/1/0.5；与draw_weight是不同用途，不混为一项	True
hyperspace_config.xlsx	词缀定义	affix_id	order	int	固定输出/随机选择顺序；物理行排序不改变它	0起序号	按作用域唯一且连续；与冻结基线同ID同序号；锁定；导出必须按它排序	False
hyperspace_config.xlsx	词缀定义	affix_id	affix_id	string	已实现聚合器支持的词缀ID	稳定ID	仅已有实现/已验ID；不自动新增功能；非空；主键作用域唯一；固定结构身份列，必须与基线等值，不能只改物理行冒充结构变化	False
hyperspace_config.xlsx	词缀定义	affix_id	weapon	string	适用武器；空字符串代表全局	武器ID/空字符串	"已支持武器或空；空保持为""""而非null；结构绑定必须基线等值"	False
hyperspace_config.xlsx	词缀定义	affix_id	amplified	bool	固定：是否按等级放大已有词缀值	bool	必须基线等值；不改变词缀行为	False
hyperspace_config.xlsx	词缀区间	affix_id+tier	affix_id	string	词缀定义外键	已有ID引用	必须存在于词缀定义；保持当前引用，变更需跨表校验；固定结构身份列，必须与基线等值，不能只改物理行冒充结构变化	False
hyperspace_config.xlsx	词缀区间	affix_id+tier	tier	int	该词缀有定义的阶级	阶	1..5；仅导出存在的阶，不凭空补缺；固定结构身份列，必须与基线等值，不能只改物理行冒充结构变化	False
hyperspace_config.xlsx	词缀区间	affix_id+tier	minimum	float	原始词缀下界；比例词缀0.1=+10%，chain_count为数量。调大新抽取/重洗下限更高；未改已存值；区间含量化网格点。	原始加成；1=100%或数量	有限；≤maximum；value_precision网格至少有一个可取值	True
hyperspace_config.xlsx	词缀区间	affix_id+tier	maximum	float	原始词缀上界，需≥下界；调大新抽取潜力更高，也会增加保底最大值期望成本；数量词缀最终聚合转int。	同minimum	有限；≥minimum；数量词缀现有量化及最终int投影保持	True
hyperspace_config.xlsx	挂设成长	module_id	order	int	固定输出/随机选择顺序；物理行排序不改变它	0起序号	按作用域唯一且连续；与冻结基线同ID同序号；锁定；导出必须按它排序	False
hyperspace_config.xlsx	挂设成长	module_id	module_id	string	既有五种挂设ID	稳定ID	仅已有实现/已验ID；不自动新增功能；非空；主键作用域唯一；固定结构身份列，必须与基线等值，不能只改物理行冒充结构变化	False
hyperspace_config.xlsx	挂设成长	module_id	base_exp	float	每重复模块输入经验，同时各级阈值基数；首份只解锁。调大两者同比，不等于单纯更易升级。	经验/重复模块	>0且有限	True
hyperspace_config.xlsx	挂设成长	module_id	exp_growth	float	升级所需经验=base_exp×(1+本值)^当前等级。调大后续升级更慢。	比例；1=100%	≥0且有限，经验需求不得非有限	True
hyperspace_config.xlsx	挂设成长	module_id	effect_growth	float	每架已挂设加成=(1+本值)^全局模块等级−1。0.1、2级=21%，两架42%；仓库未装备不计。	比例；1=100%	≥0且有限，实际公式pow(1+g,L)-1保持	True
hyperspace_config.xlsx	挂设成长	module_id	unlock_stage	int	模块可挂设及参与效果的最高到达主线门槛；调大延后使用，不代表模块抽取概率。	关	非负整数	True
hyperspace_config.xlsx	挂设成长	module_id	effects_note	string	当前effects数组的说明，仅标签非路由	只读说明	从基线说明映射；不编辑扩玩法；原JSON effects数组由锁定契约保留	False
hyperspace_config.xlsx	传说定义	effect_id	order	int	固定输出/随机选择顺序；物理行排序不改变它	0起序号	按作用域唯一且连续；与冻结基线同ID同序号；锁定；导出必须按它排序	False
hyperspace_config.xlsx	传说定义	effect_id	effect_id	string	既有十二种传说效果ID	稳定ID	仅已有实现/已验ID；不自动新增功能；非空；主键作用域唯一；固定结构身份列，必须与基线等值，不能只改物理行冒充结构变化	False
hyperspace_config.xlsx	传说定义	effect_id	weapon	string	固定结构绑定；空字符串表示全武器通用	武器ID/空字符串	仅已有武器或空字符串；结构绑定必须基线等值	False
hyperspace_config.xlsx	传说定义	effect_id	score_parameter_note	string	当前强弱比较读取第一个parameter键	只读参数名	保持当前首参数或空；只是说明，不新增可调primary策略	False
hyperspace_config.xlsx	传说随机参数	effect_id+parameter	effect_id	string	传说定义外键	已有ID引用	必须存在于传说定义；保持当前引用，变更需跨表校验；固定结构身份列，必须与基线等值，不能只改物理行冒充结构变化	False
hyperspace_config.xlsx	传说随机参数	effect_id+parameter	order	int	固定输出/随机选择顺序；物理行排序不改变它	0起序号	按作用域唯一且连续；与冻结基线同ID同序号；锁定；导出必须按它排序	False
hyperspace_config.xlsx	传说随机参数	effect_id+parameter	parameter	string	该效果已实现参数名	稳定ID	仅已有实现/已验ID；不自动新增功能；非空；主键作用域唯一；固定结构身份列，必须与基线等值，不能只改物理行冒充结构变化	False
hyperspace_config.xlsx	传说随机参数	effect_id+parameter	minimum	float	新生成/重洗范围下端	依参数；倍率/比例	≤maximum、有限、量化网格非空；比例类满足既有语义范围	True
hyperspace_config.xlsx	传说随机参数	effect_id+parameter	maximum	float	新生成/重洗范围上端	同minimum	≥minimum；不得混入旧存值许可范围	True
hyperspace_config.xlsx	传说随机参数	effect_id+parameter	unit	string	值的中文单位与比例口径	说明	必填；只作说明，不改变数值计算	False
hyperspace_config.xlsx	传说随机参数	effect_id+parameter	description	string	中文用途/联动说明	说明	必填；不参与JSON业务值	False
hyperspace_config.xlsx	传说常量	effect_id+constant_path	effect_id	string	传说定义外键	已有ID引用	必须存在于传说定义；保持当前引用，变更需跨表校验；固定结构身份列，必须与基线等值，不能只改物理行冒充结构变化	False
hyperspace_config.xlsx	传说常量	effect_id+constant_path	constant_path	string	效果内固定常量路径，如quality_ratios/white	相对字段路径	仅当前支持的已知路径，不接受脚本/任意表达式；固定结构身份列，必须与基线等值，不能只改物理行冒充结构变化	False
hyperspace_config.xlsx	传说常量	effect_id+constant_path	data_type	enum	本键固定数据类型，不随单元格显示格式改变	类型标签	int/float/bool/string/null；必须符合键契约；锁定	False
hyperspace_config.xlsx	传说常量	effect_id+constant_path	value	typed_literal	按本键固定类型读入的单一字面值	见unit列	拒绝公式；不得把数字放进文本；null键用空值且类型为null；有限值；每键专属范围见KEY_CONTRACT	True
hyperspace_config.xlsx	传说常量	effect_id+constant_path	unit	string	值的中文单位与比例口径	说明	必填；只作说明，不改变数值计算	False
hyperspace_config.xlsx	传说常量	effect_id+constant_path	description	string	中文用途/联动说明	说明	必填；不参与JSON业务值	False
hyperspace_config.xlsx	传说常量	effect_id+constant_path	constraint	string	固定范围/外键/不可编辑理由	说明	必填；以代码契约执行，不能编辑此文案绕过校验	False
hyperspace_config.xlsx	传说常量	effect_id+constant_path	editable	bool	该键是否真实允许调整；不是功能开关	权限标签	锁定并匹配契约；false拒绝改离基线	False
hyperspace_config.xlsx	改造费用	operation+resource	operation_order	int	已有改造操作输出顺序	0起序号	固定操作顺序，锁定	False
hyperspace_config.xlsx	改造费用	operation+resource	operation	string	已有Forge操作ID	稳定ID	仅已有实现/已验ID；不自动新增功能；非空；主键作用域唯一；固定结构身份列，必须与基线等值，不能只改物理行冒充结构变化	False
hyperspace_config.xlsx	改造费用	operation+resource	resource	string	费用资源结构引用；当前为固定身份，只读，不因显示editable就能换资源。	已有ID引用	必须存在于路线材料与核心账本；保持当前引用，变更需跨表校验；固定结构身份列，必须与基线等值，不能只改物理行冒充结构变化	False
hyperspace_config.xlsx	改造费用	operation+resource	resource_order	int	同一操作中资源键的原插入顺序	0起序号	同operation内唯一连续且锁定，不能依物理行排序	False
hyperspace_config.xlsx	改造费用	operation+resource	amount	int	指定操作每次基础资源消耗。调大更贵；锁定/定向/保底操作还叠加其倍率或抽取次数；究极还原消耗核心，不退款。	份/次	非负整数；同(operation,resource)唯一；真实preview/commit共用此来源	True
hyperspace_config.xlsx	固定规则_兼容说明	key	key	string	保护参数或已存在policies子键	稳定键	允许清单，路径映射由契约指定；固定结构身份列，必须与基线等值，不能只改物理行冒充结构变化	False
hyperspace_config.xlsx	固定规则_兼容说明	key	data_type	enum	本键固定数据类型，不随单元格显示格式改变	类型标签	int/float/bool/string/null；必须符合键契约；锁定	False
hyperspace_config.xlsx	固定规则_兼容说明	key	value	typed_literal	按本键固定类型读入的单一字面值	见unit列	拒绝公式；不得把数字放进文本；null键用空值且类型为null；有限值；每键专属范围见KEY_CONTRACT	True
hyperspace_config.xlsx	固定规则_兼容说明	key	unit	string	值的中文单位与比例口径	说明	必填；只作说明，不改变数值计算	False
hyperspace_config.xlsx	固定规则_兼容说明	key	description	string	中文用途/联动说明	说明	必填；不参与JSON业务值	False
hyperspace_config.xlsx	固定规则_兼容说明	key	constraint	string	固定范围/外键/不可编辑理由	说明	必填；以代码契约执行，不能编辑此文案绕过校验	False
hyperspace_config.xlsx	固定规则_兼容说明	key	editable	bool	该键是否真实允许调整；不是功能开关	权限标签	锁定并匹配契约；false拒绝改离基线	False
hyperspace_enemies.xlsx	敌人	enemy_id	order	int	固定输出/随机选择顺序；物理行排序不改变它	0起序号	按作用域唯一且连续；与冻结基线同ID同序号；锁定；导出必须按它排序	False
hyperspace_enemies.xlsx	敌人	enemy_id	enemy_id	int	现有独立异空间敌人ID	ID	正整数，当前223个既有ID；不得与主线ID冲突；固定结构身份列，必须与基线等值，不能只改物理行冒充结构变化	False
hyperspace_enemies.xlsx	敌人	enemy_id	description	string	已有敌人描述	文本	必须基线等值；不创造美术/新指南	False
hyperspace_enemies.xlsx	敌人	enemy_id	size	int	敌舰尺寸档位，影响战场几何/舰型；调大需重新检查阵型合法，不是生命倍率。	尺寸档	正整数且现有模型/几何支持	True
hyperspace_enemies.xlsx	敌人	enemy_id	health	number	敌人基础生命，另乘所选主线lifeRatio。调大更耐打，不复制主线等级倍率。	生命	>0且有限	True
hyperspace_enemies.xlsx	敌人	enemy_id	armour_type	int	装甲伤害类型ID（0/1/2），与当前武器伤害类型匹配才使用相应抗性；不是减伤百分比。	枚举码	0/1/2	True
hyperspace_enemies.xlsx	敌人	enemy_id	shield	number	敌人基础护盾容量，另乘所选生命倍率；0表示无盾。调大增加容量，不增生命本体。	护盾	≥0且有限	True
hyperspace_enemies.xlsx	敌人	enemy_id	shield_type	int	护盾伤害类型ID0/1/2，作用于盾的类型抗性，和装甲类型分别处理。	枚举码	0/1/2	True
hyperspace_enemies.xlsx	敌人	enemy_id	shield_recovery	number	护盾恢复比例参数；按主线敌盾现有规则处理，调大恢复更快，0禁恢复；需结合盾容量。	比例/游戏秒	≥0且有限	True
hyperspace_enemies.xlsx	敌人	enemy_id	shield_delay	number	护盾被命中后的恢复等待游戏秒；调大更晚恢复，0为立即恢复条件。	游戏秒	≥0且有限	True
hyperspace_enemies.xlsx	敌人	enemy_id	damage_multiplier	number	敌人攻击基础乘数，另继承所选主线atkRatio；调大造成更多伤害，不改变攻击间隔。	无量纲	≥0且有限	True
hyperspace_enemies.xlsx	武器安装	enemy_id+order	enemy_id	int	异空间敌人外键	ID	必须存在于异空间敌人；固定结构身份列，必须与基线等值，不能只改物理行冒充结构变化	False
hyperspace_enemies.xlsx	武器安装	enemy_id+order	order	int	固定输出/随机选择顺序；物理行排序不改变它	0起序号	按作用域唯一且连续；与冻结基线同ID同序号；锁定；导出必须按它排序；固定结构身份列，必须与基线等值，不能只改物理行冒充结构变化	False
hyperspace_enemies.xlsx	武器安装	enemy_id+order	weapon_id	string	现有敌武器安装键	已有ID引用	必须存在于enemy_weapon_base.xlsx/现有ShipDatabase.enemy_weapon；保持当前引用，变更需跨表校验	True
hyperspace_enemies.xlsx	编队	group_id	order	int	固定输出/随机选择顺序；物理行排序不改变它	0起序号	按作用域唯一且连续；与冻结基线同ID同序号；锁定；导出必须按它排序	False
hyperspace_enemies.xlsx	编队	group_id	group_id	int	现有四十组独立编队ID	ID	正整数，当前7001..7040既有集合，不与主线冲突；固定结构身份列，必须与基线等值，不能只改物理行冒充结构变化	False
hyperspace_enemies.xlsx	编队	group_id	description	string	已有编队名称/描述	文本	必须基线等值；不创造新描述	False
hyperspace_enemies.xlsx	编队	group_id	tier	enum	普通/精英/Boss/地区Boss档位	档位	normal/elite/boss/ultimate；总计16/16/4/4，当前不扩组	True
hyperspace_enemies.xlsx	编队	group_id	reward_reference_id	string	奖励预算设计参考键	已有ID引用	必须存在于奖励参考；保持当前引用，变更需跨表校验	True
hyperspace_enemies.xlsx	编队槽位	group_id+slot_index	group_id	int	编队外键	ID	必须存在于异空间编队；固定结构身份列，必须与基线等值，不能只改物理行冒充结构变化	False
hyperspace_enemies.xlsx	编队槽位	group_id+slot_index	slot_index	int	15槽中的0起索引，保留不规则空位；目前schema锁定，不能标可编辑。	0起索引	0..14，group内唯一，不能自动密排；固定结构身份列，必须与基线等值，不能只改物理行冒充结构变化	False
hyperspace_enemies.xlsx	编队槽位	group_id+slot_index	enemy_id	int	该现有非空槽使用的异空间敌ID，替换需保持合法尺寸/几何及recipe衍生ID一致。	ID	必须存在于异空间敌人	True
hyperspace_enemies.xlsx	编队槽位	group_id+slot_index	x	number	逻辑战场横坐标，调大向右；范围54..518，非像素截图坐标。	逻辑战场单位	有限且54..518；实际几何合法	True
hyperspace_enemies.xlsx	编队槽位	group_id+slot_index	y	number	逻辑战场纵坐标，调大向下；范围80..350，检查前后/中心扇区。	逻辑战场单位	有限且80..350；大型舰前后顺序/中心扇区合法	True
hyperspace_enemies.xlsx	路线编排	route_id+tier+order	route_id	string	异空间路线外键	已有ID引用	必须存在于路线；保持当前引用，变更需跨表校验；固定结构身份列，必须与基线等值，不能只改物理行冒充结构变化	False
hyperspace_enemies.xlsx	路线编排	route_id+tier+order	tier	enum	战斗档位	档位	normal/elite/boss/ultimate固定顺序；固定结构身份列，必须与基线等值，不能只改物理行冒充结构变化	False
hyperspace_enemies.xlsx	路线编排	route_id+tier+order	order	int	固定输出/随机选择顺序；物理行排序不改变它	0起序号	按作用域唯一且连续；与冻结基线同ID同序号；锁定；导出必须按它排序；固定结构身份列，必须与基线等值，不能只改物理行冒充结构变化	False
hyperspace_enemies.xlsx	路线编排	route_id+tier+order	group_id	int	该路线该档有序编队引用；必须唯一覆盖40组、档位匹配4/4/1/1。更换需与其他行联动，不能复制组突破数量。	ID	存在于异空间编队且档位一致；每路线4/4/1/1，无跨路线重复	True
hyperspace_enemies.xlsx	奖励参考	reference_id	reference_id	string	现有奖励参考设计键	稳定ID	仅已有实现/已验ID；不自动新增功能；非空；主键作用域唯一；阶段1是固定只读来源关联；catalog预算由正式主线及早段回退预算唯一派生；固定结构身份列，必须与基线等值，不能只改物理行冒充结构变化	False
hyperspace_enemies.xlsx	奖励参考	reference_id	source_design_group_id	int	现有正式主线原设计组引用	ID	存在于正式monGroup；仅引用，不复制预算；阶段1是固定只读来源关联；catalog预算由正式主线及早段回退预算唯一派生	False
hyperspace_enemies.xlsx	奖励参考	reference_id	reference_member_count	int	从正式原设计组非空slots导出的参考成员数	个	现值锁定，与正式monGroup实时派生值一致；不是第二份可调预算	False
hyperspace_enemies.xlsx	奖励参考	reference_id	late_reference_level_id	int	现有晚段回退引用关卡	关卡ID	存在于正式level且对应group确属该关卡；阶段1是固定只读来源关联；catalog预算由正式主线及早段回退预算唯一派生	False
hyperspace_enemies.xlsx	奖励参考	reference_id	late_reference_group_id	int	现有晚段回退引用组	group ID	存在于正式monGroup；真实blocks从mon的drops读取；阶段1是固定只读来源关联；catalog预算由正式主线及早段回退预算唯一派生	False
hyperspace_enemies.xlsx	奖励参考	reference_id	boundary_note	string	已有主线实例预算由主线表派生；25无早段实例95块来自回退页；sources为冻结结构映射。不能以编辑备注改变预算。	只读说明	锁定；不把catalog未消费分界字段当参数；阶段1是固定只读来源关联；catalog预算由正式主线及早段回退预算唯一派生	False
hyperspace_enemies.xlsx	成员分配	group_id+slot_index+order	group_id	int	异空间奖励组外键	ID	存在于异空间编队；固定结构身份列，必须与基线等值，不能只改物理行冒充结构变化	False
hyperspace_enemies.xlsx	成员分配	group_id+slot_index+order	member_order	int	组内原成员记录顺序，锁定；保留零预算成员位置，避免随机调用/奖励映射漂移。	0起序号	同group/slot重复值一致；组内唯一成员顺序连续；锁定；导出按它排列成员	False
hyperspace_enemies.xlsx	成员分配	group_id+slot_index+order	slot_index	int	实际收取该预算块的异空间非空槽	0起索引	必须为该组非空槽；固定结构身份列，必须与基线等值，不能只改物理行冒充结构变化	False
hyperspace_enemies.xlsx	成员分配	group_id+slot_index+order	order	int_or_blank	同成员预算数组原顺序，锁定。空只用于零预算；物理行排序不改变输出。	0起序号	同group/slot内唯一连续，锁定；数组按它输出，不按ordinal数值猜排序；固定结构身份列，必须与基线等值，不能只改物理行冒充结构变化	False
hyperspace_enemies.xlsx	成员分配	group_id+slot_index+order	reference_member_ordinal	int_or_blank	源预算成员0起序号，0是第一个真实预算块；空表示该成员零预算，必须保留行。更换须全组完整覆盖且不重复；不填金额。	0起索引	覆盖0..reference_count-1且无重复；每个非空槽有成员记录，允许零预算；零预算成员必须保留一行，order与ordinal都为空，导出[]和jewelDropRolls=0	True
hyperspace_enemies.xlsx	早段回退预算	reference_id+reference_member_ordinal+drop_order	reference_id	string	无早段主线实例的既有奖励参考ID	稳定ID	仅既有25参考；锁定；不复制有主线来源的预算；固定结构身份列，必须与基线等值，不能只改物理行冒充结构变化	False
hyperspace_enemies.xlsx	早段回退预算	reference_id+reference_member_ordinal+drop_order	reference_member_ordinal	int	参考成员预算块索引	0起索引	每参考0..count-1；原95块结构锁定；固定结构身份列，必须与基线等值，不能只改物理行冒充结构变化	False
hyperspace_enemies.xlsx	早段回退预算	reference_id+reference_member_ordinal+drop_order	drop_order	int	块内掉落数组顺序	0起序号	现有每块一项，order0锁定；不新增条目；固定结构身份列，必须与基线等值，不能只改物理行冒充结构变化	False
hyperspace_enemies.xlsx	早段回退预算	reference_id+reference_member_ordinal+drop_order	resource_id	int	既有普通资源ID，当前1为铁；不是无人机专属材料ID。变更须确认资源注册表及预算类型，禁止新增未知资源。	正式res资源ID	必须存在于本次正式主线投影resources；不复制资源本身数值	True
hyperspace_enemies.xlsx	早段回退预算	reference_id+reference_member_ordinal+drop_order	amount	number	资源参考关≤5且当前主线来源无匹配时的回退单块基础数量。默认8/20，乘资源倍率后发放；调大该块更多，不是专属材料奖励。	资源份/预算块	非负有限且<9e15；不影响15已有主线早段模板及40晚段预算	True
hyperspace_enemies.xlsx	早段回退预算	reference_id+reference_member_ordinal+drop_order	chance	float	该回退块掉落概率0..1，默认1必掉；调大更常出，不改掉落数量。	概率，1=100%	有限，0..1	True
