wall_time_s,visual_clock,index,x,y,z,visible,source,destination
0.342048,6.26666666666667,0,-4.60299062728882,17.2239780426025,-42.3370704650879,True,15,19
0.342048,6.26666666666667,1,30.9397449493408,19.0799407958984,55.3122253417969,True,12,21
0.342048,6.26666666666667,2,58.232837677002,16.3147487640381,10.7332649230957,True,18,21
0.342048,6.26666666666667,3,-4.32320880889893,14.4853925704956,-45.0721054077148,True,8,3
0.342048,6.26666666666667,4,-2.49148845672607,9.30477523803711,41.3682594299316,True,7,4
0.342048,6.26666666666667,5,39.9782028198242,4.49342155456543,20.995361328125,True,9,6
1.13366,6.54480333333334,0,-6.52301120758057,17.5464839935303,-42.336799621582,True,15,19
1.13366,6.54480333333334,1,32.2733001708984,18.9263725280762,53.904483795166,True,12,21
1.13366,6.54480333333334,2,57.365966796875,17.0088024139404,12.3320064544678,True,18,21
1.13366,6.54480333333334,3,-5.40921878814697,15.7149209976196,-46.1180267333984,True,8,3
1.13366,6.54480333333334,4,-3.51533102989197,10.6216707229614,40.3660202026367,True,7,4
1.13366,6.54480333333334,5,39.0239906311035,6.13279104232788,20.5670986175537,True,9,6
2.071689,6.812335,0,-8.37612819671631,17.8165435791016,-42.33544921875,True,15,19
2.071689,6.812335,1,33.5198822021484,18.5124549865723,52.5718421936035,True,12,21
2.071689,6.812335,2,56.5145721435547,17.5613803863525,13.9054651260376,True,18,21
2.071689,6.812335,3,-6.54418039321899,16.6999893188477,-47.2332572937012,True,8,3
2.071689,6.812335,4,-4.58007192611694,11.7473802566528,39.3153839111328,True,7,4
2.071689,6.812335,5,37.9039115905762,7.54057502746582,20.0518684387207,True,9,6
2.80746,7.074453,0,-10.1966619491577,18.0447902679443,-42.3331527709961,True,15,19
2.80746,7.074453,1,34.6830596923828,17.8632659912109,51.3121299743652,True,12,21
2.80746,7.074453,2,55.667854309082,17.9986610412598,15.4731130599976,True,18,21
2.80746,7.074453,3,-7.72460317611694,17.459981918335,-48.4127006530762,True,8,3
2.80746,7.074453,4,-5.68101263046265,12.7266283035278,38.2226867675781,True,7,4
2.80746,7.074453,5,36.6686897277832,8.76769161224365,19.4757843017578,True,9,6
3.851638,7.349729,0,-12.112889289856,18.24729347229,-42.3297348022461,True,15,19
3.851638,7.349729,1,35.8202095031738,16.9397621154785,50.0627479553223,True,12,21
3.851638,7.349729,2,54.7688980102539,18.3514556884766,17.1402912139893,True,18,21
3.851638,7.349729,3,-9.01659774780273,18.0264282226562,-49.7232437133789,True,8,3
3.851638,7.349729,4,-6.8841495513916,13.6347999572754,37.0229911804199,True,7,4
3.851638,7.349729,5,35.266975402832,9.91247653961182,18.8160495758057,True,9,6
5.191221,7.74077033333334,0,-14.8408432006836,18.4720401763916,-42.3232002258301,True,15,19
5.191221,7.74077033333334,1,37.2492828369141,15.2490749359131,48.4598960876465,True,12,21
5.191221,7.74077033333334,2,53.4809646606445,18.6718940734863,19.5335388183594,True,18,21
5.191221,7.74077033333334,3,-10.9003448486328,18.4062576293945,-51.6669845581055,True,8,3
5.191221,7.74077033333334,4,-8.65407752990723,14.7359304428101,35.250072479248,True,7,4
5.191221,7.74077033333334,5,33.1489677429199,11.3236865997314,17.8114585876465,True,9,6
6.112359,8.00845133333334,0,-16.7111892700195,18.5846118927002,-42.317626953125,True,15,19
6.112359,8.00845133333334,1,38.0843124389648,13.8754453659058,47.4994926452637,True,12,21
6.112359,8.00845133333334,2,52.5956382751465,18.7721366882324,21.181676864624,True,18,21
6.112359,8.00845133333334,3,-12.1924066543579,18.3736629486084,-53.0218620300293,True,8,3
6.112359,8.00845133333334,4,-9.89610385894775,15.3749485015869,34.0013542175293,True,7,4
6.112359,8.00845133333334,5,31.639030456543,12.1672849655151,17.091344833374,True,9,6
6.89231,8.26666666666667,0,-18.5170001983643,18.6621799468994,-42.3114204406738,True,15,19
6.89231,8.26666666666667,1,38.7722282409668,12.4153337478638,46.6880035400391,True,12,21
6.89231,8.26666666666667,2,51.7413482666016,18.7783145904541,22.7743339538574,True,18,21
6.89231,8.26666666666667,3,-13.4180164337158,18.1170120239258,-54.3237342834473,True,8,3
6.89231,8.26666666666667,4,-11.1116752624512,15.9115114212036,32.7761840820312,True,7,4
6.89231,8.26666666666667,5,30.1491298675537,12.901065826416,16.3783950805664,True,9,6
7.818854,8.545023,0,-20.4648132324219,18.7121639251709,-42.3038444519043,True,15,19
7.818854,8.545023,1,39.3838233947754,10.7234573364258,45.9422187805176,True,12,21
7.818854,8.545023,2,50.8225212097168,18.6855602264404,24.4898128509521,True,18,21
7.818854,8.545023,3,-14.6946935653687,17.5965251922607,-55.698558807373,True,8,3
7.818854,8.545023,4,-12.4369812011719,16.4087829589844,31.4374046325684,True,7,4
7.818854,8.545023,5,28.5146980285645,13.614893913269,15.5940723419189,True,9,6
8.853614,8.807855,0,-22.3045253753662,18.7276058197021,-42.2958488464355,True,15,19
8.853614,8.807855,1,39.8405799865723,9.04004001617432,45.3593063354492,True,12,21
8.853614,8.807855,2,49.9592742919922,18.5023040771484,26.103946685791,True,18,21
8.853614,8.807855,3,-15.8376064300537,16.8799743652344,-56.9478569030762,True,8,3
8.853614,8.807855,4,-13.6994123458862,16.8060455322266,30.1595153808594,True,7,4
8.853614,8.807855,5,26.9502582550049,14.2238683700562,14.8415384292603,True,9,6
9.829434,9.06666666666667,0,-24.1161022186279,18.712718963623,-42.2871856689453,True,15,19
9.829434,9.06666666666667,1,40.181396484375,7.32271862030029,44.8958625793457,True,12,21
9.829434,9.06666666666667,2,49.1157150268555,18.229398727417,27.6836261749268,True,18,21
9.829434,9.06666666666667,3,-16.8855266571045,15.9717607498169,-58.1118812561035,True,8,3
9.829434,9.06666666666667,4,-14.9505367279053,17.1329002380371,28.890775680542,True,7,4
9.829434,9.06666666666667,5,25.3937740325928,14.7684049606323,14.0913438796997,True,9,6
