-	-	space-battleship/config_excel/hyperspace_config.xlsx
-	-	space-battleship/config_excel/hyperspace_enemies.xlsx
44	41	space-battleship/data/hyperspace_config.json
59830	0	space-battleship/data/hyperspace_entity_schema.json
225	225	space-battleship/data/space_enemy_candidates.json
336	50	space-battleship/data/ui_text.json
2	0	space-battleship/data/ui_text_contract.json
1	1	space-battleship/scripts/drone_effect_aggregator.gd
1	1	space-battleship/scripts/drone_forge.gd
5	0	space-battleship/scripts/game.gd
1	1	space-battleship/scripts/hyperspace_commands.gd
87	8	space-battleship/scripts/hyperspace_config.gd
54	0	space-battleship/scripts/hyperspace_entity_validation.gd
4	3	space-battleship/scripts/hyperspace_manual_session.gd
1	1	space-battleship/scripts/hyperspace_panel.gd
6	1	space-battleship/scripts/hyperspace_state.gd
7	2	space-battleship/scripts/hyperspace_system.gd
7	0	space-battleship/scripts/main.gd
32	31	space-battleship/tools/config_workbooks.py
261	0	space-battleship/tools/hyperspace_entities.py
30	0	test/build_hyperspace_reward_fixture.py
33	0	test/test_hyperspace_catalog_consumers.gd
117	0	test/test_hyperspace_entities.py
43	0	test/test_hyperspace_entity_consumers.gd
34	0	test/test_hyperspace_entity_edges.gd
