case,field,before,after,equal
cover_all,body,0.0,0.0,true
cover_all,shield,100.0,100.0,true
cover_all,armour,100.0,100.0,true
cover_all,buffers,{},{},true
cover_all,cover,10.0,10.0,true
cover_all,hits,1,1,true
cover_all,rng,"""7273103727351848851""","""7273103727351848851""",true
cover_all,debt,{},{},true
cover_all,module_damage,"{""0"": 0.0, ""1"": 0.0}","{""0"": 0.0, ""1"": 0.0}",true
cover_all,state,0,0,true
cover_all,since_hit,0.0,0.0,true
buffer_all,body,0.0,0.0,true
buffer_all,shield,100.0,100.0,true
buffer_all,armour,100.0,100.0,true
buffer_all,buffers,"{""0"": 0.0, ""1"": 10.0}","{""0"": 0.0, ""1"": 10.0}",true
buffer_all,cover,0.0,0.0,true
buffer_all,hits,1,1,true
buffer_all,rng,"""7273103727351848851""","""7273103727351848851""",true
buffer_all,debt,{},{},true
buffer_all,module_damage,"{""0"": 0.0, ""1"": 0.0}","{""0"": 0.0, ""1"": 0.0}",true
buffer_all,state,0,0,true
buffer_all,since_hit,0.0,0.0,true
cover_buffer_partial,body,3.0,3.0,true
cover_buffer_partial,shield,97.0,97.0,true
cover_buffer_partial,armour,100.0,100.0,true
cover_buffer_partial,buffers,"{""0"": 0.0, ""1"": 0.0}","{""0"": 0.0, ""1"": 0.0}",true
cover_buffer_partial,cover,0.0,0.0,true
cover_buffer_partial,hits,1,1,true
cover_buffer_partial,rng,"""7273103727351848851""","""7273103727351848851""",true
cover_buffer_partial,debt,{},{},true
cover_buffer_partial,module_damage,"{""0"": 2.5, ""1"": 0.0}","{""0"": 2.5, ""1"": 0.0}",true
cover_buffer_partial,state,0,0,true
cover_buffer_partial,since_hit,0.0,0.0,true
after_exhaustion,body,10.0,10.0,true
after_exhaustion,shield,87.0,87.0,true
after_exhaustion,armour,100.0,100.0,true
after_exhaustion,buffers,"{""0"": 0.0, ""1"": 0.0}","{""0"": 0.0, ""1"": 0.0}",true
after_exhaustion,cover,0.0,0.0,true
after_exhaustion,hits,2,2,true
after_exhaustion,rng,"""7273103727351848851""","""7273103727351848851""",true
after_exhaustion,debt,{},{},true
after_exhaustion,module_damage,"{""0"": 13.0, ""1"": 0.0}","{""0"": 13.0, ""1"": 0.0}",true
after_exhaustion,state,0,0,true
after_exhaustion,since_hit,0.0,0.0,true
true_zero,body,0.0,0.0,true
true_zero,shield,100.0,100.0,true
true_zero,armour,100.0,100.0,true
true_zero,buffers,"{""0"": 10.0, ""1"": 10.0}","{""0"": 10.0, ""1"": 10.0}",true
true_zero,cover,5.0,5.0,true
true_zero,hits,1,1,true
true_zero,rng,"""7273103727351848851""","""7273103727351848851""",true
true_zero,debt,{},{},true
true_zero,module_damage,"{""0"": 0.0, ""1"": 0.0}","{""0"": 0.0, ""1"": 0.0}",true
true_zero,state,0,0,true
true_zero,since_hit,0.0,0.0,true
resistance_0.5,body,0.0,0.0,true
resistance_0.5,shield,100.0,100.0,true
resistance_0.5,armour,100.0,100.0,true
resistance_0.5,buffers,"{""0"": 5.0, ""1"": 10.0}","{""0"": 5.0, ""1"": 10.0}",true
resistance_0.5,cover,0.0,0.0,true
resistance_0.5,hits,1,1,true
resistance_0.5,rng,"""7273103727351848851""","""7273103727351848851""",true
resistance_0.5,debt,{},{},true
resistance_0.5,module_damage,"{""0"": 0.0, ""1"": 0.0}","{""0"": 0.0, ""1"": 0.0}",true
resistance_0.5,state,0,0,true
resistance_0.5,since_hit,0.0,0.0,true
resistance_1.0,body,0.0,0.0,true
resistance_1.0,shield,100.0,100.0,true
resistance_1.0,armour,100.0,100.0,true
resistance_1.0,buffers,"{""0"": 10.0, ""1"": 10.0}","{""0"": 10.0, ""1"": 10.0}",true
resistance_1.0,cover,0.0,0.0,true
resistance_1.0,hits,1,1,true
resistance_1.0,rng,"""7273103727351848851""","""7273103727351848851""",true
resistance_1.0,debt,{},{},true
resistance_1.0,module_damage,"{""0"": 0.0, ""1"": 0.0}","{""0"": 0.0, ""1"": 0.0}",true
resistance_1.0,state,0,0,true
resistance_1.0,since_hit,0.0,0.0,true
overflow_to_armour,body,125.0,125.0,true
overflow_to_armour,shield,0.0,0.0,true
overflow_to_armour,armour,75.0,75.0,true
overflow_to_armour,buffers,"{""0"": 0.0, ""1"": 0.0}","{""0"": 0.0, ""1"": 0.0}",true
overflow_to_armour,cover,0.0,0.0,true
overflow_to_armour,hits,1,1,true
overflow_to_armour,rng,"""7273103727351848851""","""7273103727351848851""",true
overflow_to_armour,debt,{},{},true
overflow_to_armour,module_damage,"{""0"": 100.0, ""1"": 25.0}","{""0"": 100.0, ""1"": 25.0}",true
overflow_to_armour,state,0,0,true
overflow_to_armour,since_hit,0.0,0.0,true
lab_metrics_absorbed,body,0.0,0.0,true
lab_metrics_absorbed,shield,100.0,100.0,true
lab_metrics_absorbed,armour,100.0,100.0,true
lab_metrics_absorbed,buffers,"{""0"": 0.0, ""1"": 10.0}","{""0"": 0.0, ""1"": 10.0}",true
lab_metrics_absorbed,cover,0.0,0.0,true
lab_metrics_absorbed,hits,1,1,true
lab_metrics_absorbed,rng,"""7273103727351848851""","""7273103727351848851""",true
lab_metrics_absorbed,debt,{},{},true
lab_metrics_absorbed,module_damage,"{""0"": 0.0, ""1"": 0.0}","{""0"": 0.0, ""1"": 0.0}",true
lab_metrics_absorbed,state,0,0,true
lab_metrics_absorbed,since_hit,0.0,0.0,true
ordinary_projectile,body,0.0,0.0,true
ordinary_projectile,shield,100.0,100.0,true
ordinary_projectile,armour,100.0,100.0,true
ordinary_projectile,buffers,"{""0"": 0.0, ""1"": 10.0}","{""0"": 0.0, ""1"": 10.0}",true
ordinary_projectile,cover,0.0,0.0,true
ordinary_projectile,hits,1,1,true
ordinary_projectile,rng,"""7273103727351848851""","""7273103727351848851""",true
ordinary_projectile,debt,{},{},true
ordinary_projectile,module_damage,"{""0"": 0.0, ""1"": 0.0}","{""0"": 0.0, ""1"": 0.0}",true
ordinary_projectile,state,3,3,true
ordinary_projectile,since_hit,0.0,0.0,true
continuous_beam,body,0.0,0.0,true
continuous_beam,shield,100.0,100.0,true
continuous_beam,armour,100.0,100.0,true
continuous_beam,buffers,"{""0"": 0.0, ""1"": 10.0}","{""0"": 0.0, ""1"": 10.0}",true
continuous_beam,cover,0.0,0.0,true
continuous_beam,hits,1,1,true
continuous_beam,rng,"""7273103727351848851""","""7273103727351848851""",true
continuous_beam,debt,{},{},true
continuous_beam,module_damage,"{""0"": 0.0, ""1"": 0.0}","{""0"": 0.0, ""1"": 0.0}",true
continuous_beam,state,3,3,true
continuous_beam,since_hit,0.0,0.0,true
deferred_full,body,0,0.0,true
deferred_full,shield,100.0,100.0,true
deferred_full,armour,100.0,100.0,true
deferred_full,buffers,"{""0"": 0.0, ""1"": 10.0}","{""0"": 0.0, ""1"": 10.0}",true
deferred_full,cover,0.0,0.0,true
deferred_full,hits,0,0,true
deferred_full,rng,"""7273103727351848851""","""7273103727351848851""",true
deferred_full,debt,{},{},true
deferred_full,module_damage,"{""0"": 0.0, ""1"": 0.0}","{""0"": 0.0, ""1"": 0.0}",true
deferred_full,state,0,0,true
deferred_full,since_hit,100.0,100.0,true
deferred_partial,body,5.0,5.0,true
deferred_partial,shield,95.0,95.0,true
deferred_partial,armour,100.0,100.0,true
deferred_partial,buffers,"{""0"": 0.0, ""1"": 0.0}","{""0"": 0.0, ""1"": 0.0}",true
deferred_partial,cover,0.0,0.0,true
deferred_partial,hits,0,0,true
deferred_partial,rng,"""7273103727351848851""","""7273103727351848851""",true
deferred_partial,debt,{},{},true
deferred_partial,module_damage,"{""0"": 5.0, ""1"": 0.0}","{""0"": 5.0, ""1"": 0.0}",true
deferred_partial,state,0,0,true
deferred_partial,since_hit,100.0,100.0,true
fraction_cover_0.04,body,0.0,0.0,true
fraction_cover_0.04,shield,100.0,100.0,true
fraction_cover_0.04,armour,100.0,100.0,true
fraction_cover_0.04,buffers,{},{},true
fraction_cover_0.04,cover,0.0,0.0,true
fraction_cover_0.04,hits,1,1,true
fraction_cover_0.04,rng,"""7273103727351848851""","""7273103727351848851""",true
fraction_cover_0.04,debt,{},{},true
fraction_cover_0.04,module_damage,"{""0"": 0.0, ""1"": 0.0}","{""0"": 0.0, ""1"": 0.0}",true
fraction_cover_0.04,state,0,0,true
fraction_cover_0.04,since_hit,0.0,0.0,true
fraction_cover_0.01,body,0.0,0.0,true
fraction_cover_0.01,shield,100.0,100.0,true
fraction_cover_0.01,armour,100.0,100.0,true
fraction_cover_0.01,buffers,{},{},true
fraction_cover_0.01,cover,0.0,0.0,true
fraction_cover_0.01,hits,1,1,true
fraction_cover_0.01,rng,"""7273103727351848851""","""7273103727351848851""",true
fraction_cover_0.01,debt,{},{},true
fraction_cover_0.01,module_damage,"{""0"": 0.0, ""1"": 0.0}","{""0"": 0.0, ""1"": 0.0}",true
fraction_cover_0.01,state,0,0,true
fraction_cover_0.01,since_hit,0.0,0.0,true
fraction_cover_0.001,body,0.0,0.0,true
fraction_cover_0.001,shield,100.0,100.0,true
fraction_cover_0.001,armour,100.0,100.0,true
fraction_cover_0.001,buffers,{},{},true
fraction_cover_0.001,cover,0.0,0.0,true
fraction_cover_0.001,hits,1,1,true
fraction_cover_0.001,rng,"""7273103727351848851""","""7273103727351848851""",true
fraction_cover_0.001,debt,{},{},true
fraction_cover_0.001,module_damage,"{""0"": 0.0, ""1"": 0.0}","{""0"": 0.0, ""1"": 0.0}",true
fraction_cover_0.001,state,0,0,true
fraction_cover_0.001,since_hit,0.0,0.0,true
fraction_buffer,body,0.0,0.0,true
fraction_buffer,shield,100.0,100.0,true
fraction_buffer,armour,100.0,100.0,true
fraction_buffer,buffers,"{""0"": 0.0}","{""0"": 0.0}",true
fraction_buffer,cover,0.0,0.0,true
fraction_buffer,hits,1,1,true
fraction_buffer,rng,"""7273103727351848851""","""7273103727351848851""",true
fraction_buffer,debt,{},{},true
fraction_buffer,module_damage,"{""0"": 0.0, ""1"": 0.0}","{""0"": 0.0, ""1"": 0.0}",true
fraction_buffer,state,0,0,true
fraction_buffer,since_hit,0.0,0.0,true
huge_incoming_10000000000000000.0,body,200.0,200.0,true
huge_incoming_10000000000000000.0,shield,0.0,0.0,true
huge_incoming_10000000000000000.0,armour,0.0,0.0,true
huge_incoming_10000000000000000.0,buffers,{},{},true
huge_incoming_10000000000000000.0,cover,0.0,0.0,true
huge_incoming_10000000000000000.0,hits,1,1,true
huge_incoming_10000000000000000.0,rng,"""7273103727351848851""","""7273103727351848851""",true
huge_incoming_10000000000000000.0,debt,{},{},true
huge_incoming_10000000000000000.0,module_damage,"{""0"": 100.0, ""1"": 9999999999999900.0}","{""0"": 100.0, ""1"": 9999999999999900.0}",true
huge_incoming_10000000000000000.0,state,7,7,true
huge_incoming_10000000000000000.0,since_hit,0.0,0.0,true
huge_deferred_10000000000000000.0,body,200.0,200.0,true
huge_deferred_10000000000000000.0,shield,0.0,0.0,true
huge_deferred_10000000000000000.0,armour,0.0,0.0,true
huge_deferred_10000000000000000.0,buffers,{},{},true
huge_deferred_10000000000000000.0,cover,0.0,0.0,true
huge_deferred_10000000000000000.0,hits,0,0,true
huge_deferred_10000000000000000.0,rng,"""7273103727351848851""","""7273103727351848851""",true
huge_deferred_10000000000000000.0,debt,{},{},true
huge_deferred_10000000000000000.0,module_damage,"{""0"": 100.0, ""1"": 100.0}","{""0"": 100.0, ""1"": 100.0}",true
huge_deferred_10000000000000000.0,state,7,7,true
huge_deferred_10000000000000000.0,since_hit,100.0,100.0,true
"huge_incoming_{ ""m"": 1.0, ""e"": 400.0 }",body,200.0,200.0,true
"huge_incoming_{ ""m"": 1.0, ""e"": 400.0 }",shield,0.0,0.0,true
"huge_incoming_{ ""m"": 1.0, ""e"": 400.0 }",armour,0.0,0.0,true
"huge_incoming_{ ""m"": 1.0, ""e"": 400.0 }",buffers,{},{},true
"huge_incoming_{ ""m"": 1.0, ""e"": 400.0 }",cover,0.0,0.0,true
"huge_incoming_{ ""m"": 1.0, ""e"": 400.0 }",hits,1,1,true
"huge_incoming_{ ""m"": 1.0, ""e"": 400.0 }",rng,"""7273103727351848851""","""7273103727351848851""",true
"huge_incoming_{ ""m"": 1.0, ""e"": 400.0 }",debt,{},{},true
"huge_incoming_{ ""m"": 1.0, ""e"": 400.0 }",module_damage,"{""0"": 100.0, ""1"": {""e"": 400.0, ""m"": 1.0}}","{""0"": 100.0, ""1"": {""e"": 400.0, ""m"": 1.0}}",true
"huge_incoming_{ ""m"": 1.0, ""e"": 400.0 }",state,7,7,true
"huge_incoming_{ ""m"": 1.0, ""e"": 400.0 }",since_hit,0.0,0.0,true
"huge_deferred_{ ""m"": 1.0, ""e"": 400.0 }",body,200.0,200.0,true
"huge_deferred_{ ""m"": 1.0, ""e"": 400.0 }",shield,0.0,0.0,true
"huge_deferred_{ ""m"": 1.0, ""e"": 400.0 }",armour,0.0,0.0,true
"huge_deferred_{ ""m"": 1.0, ""e"": 400.0 }",buffers,{},{},true
"huge_deferred_{ ""m"": 1.0, ""e"": 400.0 }",cover,0.0,0.0,true
"huge_deferred_{ ""m"": 1.0, ""e"": 400.0 }",hits,0,0,true
"huge_deferred_{ ""m"": 1.0, ""e"": 400.0 }",rng,"""7273103727351848851""","""7273103727351848851""",true
"huge_deferred_{ ""m"": 1.0, ""e"": 400.0 }",debt,{},{},true
"huge_deferred_{ ""m"": 1.0, ""e"": 400.0 }",module_damage,"{""0"": 100.0, ""1"": 100.0}","{""0"": 100.0, ""1"": 100.0}",true
"huge_deferred_{ ""m"": 1.0, ""e"": 400.0 }",state,7,7,true
"huge_deferred_{ ""m"": 1.0, ""e"": 400.0 }",since_hit,100.0,100.0,true
debt_source,body,0.4,0.4,true
debt_source,shield,99.6,99.6,true
debt_source,armour,100.0,100.0,true
debt_source,buffers,{},{},true
debt_source,cover,0.0,0.0,true
debt_source,hits,1,1,true
debt_source,rng,"""7273103727351848851""","""7273103727351848851""",true
debt_source,debt,"{""1"": {""armour"": 0.0, ""shield"": 0.04}, ""10"": {""armour"": 0.0, ""shield"": 0.04}, ""2"": {""armour"": 0.0, ""shield"": 0.04}, ""3"": {""armour"": 0.0, ""shield"": 0.04}, ""4"": {""armour"": 0.0, ""shield"": 0.04}, ""5"": {""armour"": 0.0, ""shield"": 0.04}, ""6"": {""armour"": 0.0, ""shield"": 0.04}, ""7"": {""armour"": 0.0, ""shield"": 0.04}, ""8"": {""armour"": 0.0, ""shield"": 0.04}, ""9"": {""armour"": 0.0, ""shield"": 0.04}}","{""1"": {""armour"": 0.0, ""shield"": 0.04}, ""10"": {""armour"": 0.0, ""shield"": 0.04}, ""2"": {""armour"": 0.0, ""shield"": 0.04}, ""3"": {""armour"": 0.0, ""shield"": 0.04}, ""4"": {""armour"": 0.0, ""shield"": 0.04}, ""5"": {""armour"": 0.0, ""shield"": 0.04}, ""6"": {""armour"": 0.0, ""shield"": 0.04}, ""7"": {""armour"": 0.0, ""shield"": 0.04}, ""8"": {""armour"": 0.0, ""shield"": 0.04}, ""9"": {""armour"": 0.0, ""shield"": 0.04}}",true
debt_source,module_damage,"{""0"": 0.4, ""1"": 0.0}","{""0"": 0.4, ""1"": 0.0}",true
debt_source,state,3,3,true
debt_source,since_hit,0.0,0.0,true
debt_tick_full,body,0,0.0,true
debt_tick_full,shield,99.6,99.6,true
debt_tick_full,armour,100.0,100.0,true
debt_tick_full,buffers,{},{},true
debt_tick_full,cover,0.0,0.0,true
debt_tick_full,hits,1,1,true
debt_tick_full,rng,"""-3642585883477758627""","""-3642585883477758627""",true
debt_tick_full,debt,"{""10"": {""armour"": 0.0, ""shield"": 0.04}, ""2"": {""armour"": 0.0, ""shield"": 0.04}, ""3"": {""armour"": 0.0, ""shield"": 0.04}, ""4"": {""armour"": 0.0, ""shield"": 0.04}, ""5"": {""armour"": 0.0, ""shield"": 0.04}, ""6"": {""armour"": 0.0, ""shield"": 0.04}, ""7"": {""armour"": 0.0, ""shield"": 0.04}, ""8"": {""armour"": 0.0, ""shield"": 0.04}, ""9"": {""armour"": 0.0, ""shield"": 0.04}}","{""10"": {""armour"": 0.0, ""shield"": 0.04}, ""2"": {""armour"": 0.0, ""shield"": 0.04}, ""3"": {""armour"": 0.0, ""shield"": 0.04}, ""4"": {""armour"": 0.0, ""shield"": 0.04}, ""5"": {""armour"": 0.0, ""shield"": 0.04}, ""6"": {""armour"": 0.0, ""shield"": 0.04}, ""7"": {""armour"": 0.0, ""shield"": 0.04}, ""8"": {""armour"": 0.0, ""shield"": 0.04}, ""9"": {""armour"": 0.0, ""shield"": 0.04}}",true
debt_tick_full,module_damage,"{""0"": 0.4, ""1"": 0.0}","{""0"": 0.4, ""1"": 0.0}",true
debt_tick_full,state,3,3,true
debt_tick_full,since_hit,0.0,0.0,true
debt_tick_partial,body,1.0,1.0,true
debt_tick_partial,shield,99.57,99.57,true
debt_tick_partial,armour,100.0,100.0,true
debt_tick_partial,buffers,{},{},true
debt_tick_partial,cover,0.0,0.0,true
debt_tick_partial,hits,1,1,true
debt_tick_partial,rng,"""-3319028467615990729""","""-3319028467615990729""",true
debt_tick_partial,debt,"{""10"": {""armour"": 0.0, ""shield"": 0.04}, ""3"": {""armour"": 0.0, ""shield"": 0.04}, ""4"": {""armour"": 0.0, ""shield"": 0.04}, ""5"": {""armour"": 0.0, ""shield"": 0.04}, ""6"": {""armour"": 0.0, ""shield"": 0.04}, ""7"": {""armour"": 0.0, ""shield"": 0.04}, ""8"": {""armour"": 0.0, ""shield"": 0.04}, ""9"": {""armour"": 0.0, ""shield"": 0.04}}","{""10"": {""armour"": 0.0, ""shield"": 0.04}, ""3"": {""armour"": 0.0, ""shield"": 0.04}, ""4"": {""armour"": 0.0, ""shield"": 0.04}, ""5"": {""armour"": 0.0, ""shield"": 0.04}, ""6"": {""armour"": 0.0, ""shield"": 0.04}, ""7"": {""armour"": 0.0, ""shield"": 0.04}, ""8"": {""armour"": 0.0, ""shield"": 0.04}, ""9"": {""armour"": 0.0, ""shield"": 0.04}}",true
debt_tick_partial,module_damage,"{""0"": 0.430000000000006, ""1"": 0.0}","{""0"": 0.430000000000006, ""1"": 0.0}",true
debt_tick_partial,state,3,3,true
debt_tick_partial,since_hit,0.0,0.0,true
