wall_time_s,visual_clock,boat_index,x,y,z,source,destination,visible
0.161323,6.55,0,36.6683807373047,16.0044288635254,11.9821109771729,15,19,True
0.161323,6.55,1,-41.2943229675293,15.9937353134155,-7.80658292770386,12,21,True
0.161323,6.55,2,27.362283706665,18.4531211853027,-37.6248321533203,18,21,True
0.161323,6.55,3,-38.6993675231934,16.8321323394775,39.1326599121094,8,3,True
0.161323,6.55,4,-47.5501670837402,12.079571723938,-15.7585535049438,7,4,True
0.161323,6.55,5,-31.7744274139404,6.13832092285156,-52.8758926391602,9,6,True
1.097913,7.080637,0,33.362419128418,16.6073570251465,13.5643520355225,15,19,True
1.097913,7.080637,1,-37.9035224914551,16.7767543792725,-9.1045446395874,12,21,True
1.097913,7.080637,2,30.0971832275391,16.0120182037354,-37.7222862243652,18,21,True
1.097913,7.080637,3,-41.973274230957,18.4141311645508,39.1355438232422,8,3,True
1.097913,7.080637,4,-49.3562393188477,15.3121690750122,-15.7239351272583,7,4,True
1.097913,7.080637,5,-29.237476348877,8.67199802398682,-51.9371871948242,9,6,True
2.038157,7.61375066666667,0,30.0296478271484,17.1225872039795,15.1621322631836,15,19,True
2.038157,7.61375066666667,1,-34.4739685058594,17.4267311096191,-10.4238481521606,12,21,True
2.038157,7.61375066666667,2,31.7691383361816,12.6875772476196,-37.8037338256836,18,21,True
2.038157,7.61375066666667,3,-45.3822898864746,17.1474723815918,38.9897651672363,8,3,True
2.038157,7.61375066666667,4,-52.2431259155273,17.6026592254639,-15.737642288208,7,4,True
2.038157,7.61375066666667,5,-26.2977848052979,10.679162979126,-50.8277473449707,9,6,True
2.96769,8.15,0,26.6687049865723,17.5584297180176,16.7758712768555,15,19,True
2.96769,8.15,1,-31.0078659057617,17.9580879211426,-11.7629642486572,12,21,True
2.96769,8.15,2,32.7846183776855,9.07797622680664,-37.8721809387207,18,21,True
2.96769,8.15,3,-47.6600227355957,14.1982469558716,38.784984588623,8,3,True
2.96769,8.15,4,-55.8774871826172,17.3861064910889,-15.8293046951294,7,4,True
2.96769,8.15,5,-23.1364669799805,12.3012800216675,-49.6221199035645,9,6,True
3.899269,8.68324666666666,0,23.3202095031738,17.9167518615723,18.3858528137207,15,19,True
3.899269,8.68324666666666,1,-27.5497245788574,18.3761978149414,-13.1041326522827,12,21,True
3.899269,8.68324666666666,2,33.3502464294434,5.39043188095093,-37.9303245544434,18,21,True
3.899269,8.68324666666666,3,-49.0521659851074,10.7478742599487,38.57568359375,8,3,True
3.899269,8.68324666666666,4,-58.5889701843262,14.8788776397705,-15.953989982605,7,4,True
3.899269,8.68324666666666,5,-19.8775310516357,13.6207904815674,-48.3710136413574,9,6,True
5.073726,9.34991333333333,0,19.1275215148926,18.2672214508057,20.4046039581299,15,19,True
5.073726,9.34991333333333,1,-23.2157096862793,18.7565937042236,-14.791576385498,12,21,True
5.073726,9.34991333333333,2,33.6067848205566,0.732945680618286,-37.9923210144043,18,21,True
5.073726,9.34991333333333,3,-50.0104103088379,6.1926441192627,38.3202972412109,8,3,True
5.073726,9.34991333333333,4,-60.5803489685059,10.6796159744263,-16.1021537780762,7,4,True
5.073726,9.34991333333333,5,-15.7068710327148,14.9566860198975,-46.7616424560547,9,6,True
6.047794,9.88040733333333,0,15.7877378463745,18.4732685089111,22.0148277282715,15,19,True
6.047794,9.88040733333333,1,-19.7618751525879,18.9530048370361,-16.141206741333,12,21,True
6.047794,9.88040733333333,2,33.6854286193848,2.94088315963745,-38.0680809020996,21,26,True
6.047794,9.88040733333333,3,-50.3374481201172,2.50005292892456,38.1239700317383,8,3,True
6.047794,9.88040733333333,4,-61.4513778686523,7.07445430755615,-16.2094039916992,7,4,True
6.047794,9.88040733333333,5,-12.3395080566406,15.8209629058838,-45.4572410583496,9,6,True
7.00503,10.4037086666667,0,12.4913520812988,18.6160545349121,23.6059017181396,15,19,True
7.00503,10.4037086666667,1,-16.3528614044189,19.0581455230713,-17.4773921966553,12,21,True
7.00503,10.4037086666667,2,34.035945892334,6.58499050140381,-38.1553115844727,21,26,True
7.00503,10.4037086666667,3,-50.3358879089355,0.967845678329468,38.0557098388672,3,23,True
7.00503,10.4037086666667,4,-61.8858451843262,3.44004416465759,-16.3069705963135,7,4,True
7.00503,10.4037086666667,5,-8.98973941802979,16.5301952362061,-44.1561317443848,9,6,True
7.940871,10.942578,0,9.0958948135376,18.7021446228027,25.2465763092041,15,19,True
7.940871,10.942578,1,-12.8424406051636,19.0762729644775,-18.8574542999268,12,21,True
7.940871,10.942578,2,34.7774963378906,10.280068397522,-38.2437629699707,21,26,True
7.940871,10.942578,3,-49.2163925170898,4.54397296905518,38.0786552429199,3,23,True
7.940871,10.942578,4,-62.0,0.0965999960899353,-16.3899326324463,4,22,True
7.940871,10.942578,5,-5.51970863342285,17.1311569213867,-42.8051795959473,9,6,True
9.103462,11.611841,0,4.87876272201538,18.7244052886963,27.2867603302002,15,19,True
9.103462,11.611841,1,-8.48565101623535,18.9717388153076,-20.5760707855225,12,21,True
9.103462,11.611841,2,36.4742431640625,14.6331806182861,-38.3479652404785,21,26,True
9.103462,11.611841,3,-46.3067626953125,8.16472053527832,37.6948547363281,3,23,True
9.103462,11.611841,4,-61.5194931030273,4.64795684814453,-15.5605297088623,4,22,True
9.103462,11.611841,5,-1.1897497177124,17.7160110473633,-41.1155853271484,9,6,True
10.0347,12.1400263333333,0,1.55157375335693,18.6760444641113,28.8983345031738,15,19,True
10.0347,12.1400263333333,1,-5.05220031738281,18.7881717681885,-21.935094833374,12,21,True
10.0347,12.1400263333333,2,38.7877655029297,17.4854526519775,-38.4162445068359,21,26,True
10.0347,12.1400263333333,3,-43.3861045837402,10.3691844940186,37.197826385498,3,23,True
10.0347,12.1400263333333,4,-60.7116470336914,7.7666335105896,-13.7720632553101,4,22,True
10.0347,12.1400263333333,5,2.23838806152344,18.063024520874,-39.7751808166504,9,6,True
10.967237,12.668994,0,-1.77874529361725,18.568717956543,30.5131492614746,15,19,True
10.967237,12.668994,1,-1.62047564983368,18.5117130279541,-23.2976970672607,12,21,True
10.967237,12.668994,2,42.2375679016113,18.494987487793,-38.4404029846191,21,26,True
10.967237,12.668994,3,-40.1922073364258,12.1417665481567,36.6044311523438,3,23,True
10.967237,12.668994,4,-59.6606636047363,10.3193664550781,-11.3145542144775,4,22,True
10.967237,12.668994,5,5.67799234390259,18.3165588378906,-38.4280738830566,9,6,True
11.90186,13.203884,0,-5.14360380172729,18.3990135192871,32.1465072631836,15,19,True
11.90186,13.203884,1,1.83995056152344,18.1329002380371,-24.6762771606445,12,21,True
11.90186,13.203884,2,45.3773040771484,16.5923843383789,-38.3948631286621,21,26,True
11.90186,13.203884,3,-36.8094940185547,13.6015787124634,35.9433250427246,3,23,True
11.90186,13.203884,4,-58.4604759216309,12.3821249008179,-8.43405532836914,4,22,True
11.90186,13.203884,5,9.1601619720459,18.4818458557129,-37.0621566772461,9,6,True
